{
    "RMSE": 1.6455017390860076,
    "WRMSSE": 0.7659426413364544
}