{
    "RMSE": 2.151717014258287,
    "WRMSSE": 0.5584294872443055
}