{
    "RMSE": 2.152523914239941,
    "WRMSSE": 0.5679966151873963
}