{
    "RMSE": 2.167373410530589,
    "WRMSSE": 0.5644078495758496
}