{
    "RMSE": 2.157749045530549,
    "WRMSSE": 0.5823810896081774
}