{
    "RMSE": 2.149216665007278,
    "WRMSSE": 0.555359058293594
}