{
    "RMSE": 2.1645251156505187,
    "WRMSSE": 0.556296659966571
}