{
    "RMSE": 2.1609954701063194,
    "WRMSSE": 0.5959290652723136
}