{
    "RMSE": 2.152814132979238,
    "WRMSSE": 0.554624477469875
}