{
    "RMSE": 2.154046974925618,
    "WRMSSE": 0.5812449890937936
}