{
    "RMSE": 2.248976097839271,
    "WRMSSE": 1.2795208579427158
}