{
    "RMSE": 2.3936089555973665,
    "WRMSSE": 1.772737952281687
}