{
    "RMSE": 2.1968742291802132,
    "WRMSSE": 0.4894050645107007
}