{
    "RMSE": 2.196901226233907,
    "WRMSSE": 0.4893874341298261
}