{
    "RMSE": 3.3881378434386242,
    "WRMSSE": 4.245241881112039
}