{
    "RMSE": 2.176461097442031,
    "WRMSSE": 0.6175773503777725
}