{
    "RMSE": 2.348474705962324,
    "WRMSSE": 0.8441914221631124
}