{
    "RMSE": 12.81090783175791,
    "WRMSSE": 0.7612563769254487
}