{
    "RMSE": 2.1427751604900585,
    "WRMSSE": 0.5109033131035969
}