{
    "RMSE": 2.1885556369028643,
    "WRMSSE": 0.5061008381009501
}