{
    "RMSE": 2.3521721015391006,
    "WRMSSE": 1.3105151117078648
}