{
    "RMSE": 2.269056436796983,
    "WRMSSE": 1.212962556066611
}