{
    "RMSE": 2.0845198990510085,
    "WRMSSE": 0.607192462757938
}