{
    "RMSE": 2.0912118197915825,
    "WRMSSE": 0.5280219242590476
}