{
    "RMSE": 2.077375873156844,
    "WRMSSE": 0.5246921359482792
}