{
    "RMSE": 2.1182172607484744,
    "WRMSSE": 0.5229616557092257
}