{
    "RMSE": 2.0833836659128235,
    "WRMSSE": 0.5146933164091261
}