{
    "RMSE": 2.155145929508899,
    "WRMSSE": 0.5523861319727759
}