{
    "RMSE": 2.0826511573630118,
    "WRMSSE": 0.5179421273833796
}