{
    "RMSE": 2.1594016937646394,
    "WRMSSE": 0.602608442682728
}