{
    "RMSE": 2.0894652107821234,
    "WRMSSE": 0.5145454993272887
}