{
    "RMSE": 2.155130147087057,
    "WRMSSE": 0.5522707351324061
}