{
    "RMSE": 2.1240870807187533,
    "WRMSSE": 0.5906028752682618
}