{
    "RMSE": 2.087956072191424,
    "WRMSSE": 0.5160770391425857
}