{
    "RMSE": 2.082430770772185,
    "WRMSSE": 0.5216287076186995
}