{
    "RMSE": 2.1195545319878706,
    "WRMSSE": 0.5145455740849286
}