{
    "RMSE": 2.060924035310619,
    "WRMSSE": 0.5180763823724026
}