{
    "RMSE": 2.08524370845983,
    "WRMSSE": 0.5255079945927223
}