{
    "RMSE": 2.113709892413516,
    "WRMSSE": 0.559388169086284
}