{
    "RMSE": 2.0802615247502745,
    "WRMSSE": 0.514429017110475
}