{
    "RMSE": 2.1232445337175494,
    "WRMSSE": 0.5150507415597768
}