{
    "RMSE": 2.1156125305259508,
    "WRMSSE": 0.5221157594551431
}