{
    "RMSE": 2.1091577801978967,
    "WRMSSE": 0.553946545801339
}