{
    "RMSE": 2.1125980637153003,
    "WRMSSE": 0.5512106866607254
}