{
    "RMSE": 2.0822447445406205,
    "WRMSSE": 0.5198965210553211
}